category,channel,ambiphone_id,playback,source_ids,credited_authors,ambiphone_licenses,source_page_licenses,source_urls,recommendation
Nature,Heavy rain,heavy-rain,loop,S01,lebaston100,CC-BY 4.0,CC-BY-4.0,https://freesound.org/people/lebaston100/sounds/243628/,"Reusable candidate: acquire original, retain license/credits, and audition/prepare loop or event."
Nature,Rain on glass,rain-on-glass,loop,S02,InspectorJ,CC-BY 4.0,CC-BY-4.0,https://freesound.org/people/InspectorJ/sounds/346642/,"Reusable candidate: acquire original, retain license/credits, and audition/prepare loop or event."
Nature,Thunder,thunder,occasional,S03; S04,BlueDelta; BlueDelta,CC0; CC0,CC0-1.0; CC0-1.0,https://freesound.org/people/BlueDelta/sounds/367702/; https://freesound.org/people/BlueDelta/sounds/446753/,"Reusable candidate: acquire original, retain license/credits, and audition/prepare loop or event."
Nature,Strong wind,strong-wind,loop,S05,guillermochicasonido,CC-BY 4.0,CC-BY-4.0,https://freesound.org/people/guillermochicasonido/sounds/660464/,"Reusable candidate: acquire original, retain license/credits, and audition/prepare loop or event."
Nature,Waves,waves,loop,S06,InspectorJ,CC-BY 4.0,CC-BY-4.0,https://freesound.org/people/InspectorJ/sounds/400632/,"Reusable candidate: acquire original, retain license/credits, and audition/prepare loop or event."
Nature,Stream,stream,loop,S07,InspectorJ,CC-BY 4.0,CC-BY-4.0,https://freesound.org/people/InspectorJ/sounds/339324/,"Reusable candidate: acquire original, retain license/credits, and audition/prepare loop or event."
Nature,Bubbling water,bubbling-water,loop,S08,calebrankin,CC0,CC0-1.0,https://freesound.org/people/calebrankin/sounds/529383/,"Reusable candidate: acquire original, retain license/credits, and audition/prepare loop or event."
Nature,Underwater,underwater,loop,S09,Tim Verberne,CC0,CC0-1.0,https://freesound.org/people/Tim_Verberne/sounds/482167/,"Reusable candidate: acquire original, retain license/credits, and audition/prepare loop or event."
Nature,Fire,fire,loop,S10,silencyo,CC0,CC0-1.0,https://freesound.org/people/silencyo/sounds/81800/,"Reusable candidate: acquire original, retain license/credits, and audition/prepare loop or event."
Nature,Jungle (night),jungle-night,loop,S11,jaime_enrique,CC0,CC0-1.0,https://freesound.org/people/jaime_enrique/sounds/424763/,"Reusable candidate: acquire original, retain license/credits, and audition/prepare loop or event."
Nature,Frogs,frogs,loop,S12,superfreq,CC0,CC0-1.0,https://freesound.org/people/superfreq/sounds/429590/,"Reusable candidate: acquire original, retain license/credits, and audition/prepare loop or event."
Nature,Crickets,crickets,loop,S13,Moulaythami,CC-BY,CC-BY-4.0,https://freesound.org/people/Moulaythami/sounds/536930/,Prefer CC0 replacement; original remix requires upstream attribution review.
Nature,Seagulls,seagulls,loop,S14,juskiddink,CC-BY 4.0,CC-BY-4.0,https://freesound.org/people/juskiddink/sounds/100724/,"Reusable candidate: acquire original, retain license/credits, and audition/prepare loop or event."
Nature,Owl,owl,occasional,S15,YleArkisto,CC-BY 4.0,CC-BY-4.0,https://freesound.org/people/YleArkisto/sounds/243806/,"Reusable candidate: acquire original, retain license/credits, and audition/prepare loop or event."
Nature,Birdsong,birdsong,loop,S16,squashy555,CC0,CC0-1.0,https://freesound.org/people/squashy555/sounds/269244/,"Reusable candidate: acquire original, retain license/credits, and audition/prepare loop or event."
Nature,Whales,whales,loop,S17,NOAA,public domain,Public Domain Mark 1.0 (uploader claim),https://archive.org/details/WhaleSong_928,Hold: verify NOAA original underlying the Archive public-domain claim.
Nature,Cat purring,cat-purring,loop,S18,tosha73,CC0,CC0-1.0,https://freesound.org/people/tosha73/sounds/512223/,"Reusable candidate: acquire original, retain license/credits, and audition/prepare loop or event."
Music,Ambient radio,ambient-radio,radio,,,,,,Defer: network source; do not bundle a stream or assume redistribution rights.
Music,Lo-fi beats radio,lofi-beats-radio,radio,,,,,,Defer: network source; do not bundle a stream or assume redistribution rights.
Music,Kirk Osamayo - Realization,kirk-osamayo-realization,music-track,S19,Kirk Osamayo,CC-BY 4.0,CC-BY-4.0,https://freemusicarchive.org/music/kirk-osamayo/season-one/ambient-realization/,"Optional music pack: download original, preserve credits, and review looping."
Music,Kirk Osamayo - Breath,kirk-osamayo-breath,music-track,S20,Kirk Osamayo,CC-BY 4.0,CC-BY-4.0,https://freemusicarchive.org/music/kirk-osamayo/season-one/ambient-breath/,"Optional music pack: download original, preserve credits, and review looping."
Music,Meydän - Freezing But Warm,meydan-freezing-but-warm,music-track,S21,Meydan,CC-BY 4.0,CC-BY-4.0,https://freemusicarchive.org/music/Meydan/Ambient_1860/Freezing_but_warm/,"Optional music pack: download original, preserve credits, and review looping."
Music,P C III - Remembering Past Everything,p-c-iii-remembering-past-everything,music-track,S22,P C III,CC-BY 4.0,CC-BY-4.0,https://freemusicarchive.org/music/P_C_III/Remembering_Past_Everything_1178/Remembering_Past_Everything_1421/,"Optional music pack: download original, preserve credits, and review looping."
Music,voide - neverblinking moon,voide-neverblinking-moon,music-track,S23,voide,CC-BY 4.0,CC-BY-4.0,https://freemusicarchive.org/music/voide/soft-retaliation/neverblinking-moon/,"Optional music pack: download original, preserve credits, and review looping."
Music,Steve Combs - Ambient 507050,steve-combs-ambient-507050,music-track,S24,Steve Combs,CC-BY 4.0,CC-BY-4.0,https://freemusicarchive.org/music/Steve_Combs/Speaking_in_Spirals_1809/10_Ambient_507050/,"Optional music pack: download original, preserve credits, and review looping."
Music,Singing bowls,singing-bowls,loop,S25,the very Real Horst,CC-BY 4.0,CC-BY-4.0,https://freesound.org/people/the_very_Real_Horst/sounds/268140/,"Optional music pack: download original, preserve credits, and review looping."
People + Places,Planes,planes,occasional,S26,InspectorJ,CC-BY 4.0,CC-BY-4.0,https://freesound.org/people/InspectorJ/sounds/428086/,"Reusable candidate: acquire original, retain license/credits, and audition/prepare loop or event."
People + Places,Traffic,traffic,loop,S27,Carlvus,CC0,CC0-1.0,https://freesound.org/people/Carlvus/sounds/178710/,"Reusable candidate: acquire original, retain license/credits, and audition/prepare loop or event."
People + Places,Train,train,loop,S28,jrosin,CC0,CC0-1.0,https://freesound.org/people/jrosin/sounds/209972/,"Reusable candidate: acquire original, retain license/credits, and audition/prepare loop or event."
People + Places,Rollercoaster,rollercoaster,loop,S29,Bruce Burbank,CC0,CC0-1.0,https://freesound.org/people/Bruce%20Burbank/sounds/136596/,"Reusable candidate: acquire original, retain license/credits, and audition/prepare loop or event."
People + Places,Carousel,carousel,loop,S30,YleArkisto,CC0,CC0-1.0,https://freesound.org/people/YleArkisto/sounds/524699/,Optional: review captured music/broadcast rights before distribution.
People + Places,Arcade,arcade,loop,S31,vanceparley,CC0,CC0-1.0,https://freesound.org/people/vanceparley/sounds/411444/,Optional: review captured music/broadcast rights before distribution.
People + Places,Coffee shop,coffee-shop,loop,S32,waweee,CC0,CC0-1.0,https://freesound.org/people/waweee/sounds/370973/,"Reusable candidate: acquire original, retain license/credits, and audition/prepare loop or event."
People + Places,Outdoor crowd,medium-crowd-outdoor,loop,S33,Kyster,CC-BY 4.0,CC-BY-4.0,https://freesound.org/people/Kyster/sounds/124027/,"Reusable candidate: acquire original, retain license/credits, and audition/prepare loop or event."
People + Places,Football crowd,football-crowd,loop,S34,ikbenraar,CC-BY 4.0,CC-BY-4.0,https://freesound.org/people/ikbenraar/sounds/234903/,"Reusable candidate: acquire original, retain license/credits, and audition/prepare loop or event."
People + Places,Fireworks,fireworks,loop,S35,InspectorJ,CC-BY 4.0,CC-BY-4.0,https://freesound.org/people/InspectorJ/sounds/410352/,"Reusable candidate: acquire original, retain license/credits, and audition/prepare loop or event."
People + Places,Wind chimes,wind-chimes,loop,S36,InspectorJ,CC-BY 4.0,CC-BY-4.0,https://freesound.org/people/InspectorJ/sounds/353194/,"Reusable candidate: acquire original, retain license/credits, and audition/prepare loop or event."
People + Places,Heartbeat,heartbeat,loop,S37,InspectorJ,CC-BY 4.0,CC-BY-4.0,https://freesound.org/people/InspectorJ/sounds/485076/,"Reusable candidate: acquire original, retain license/credits, and audition/prepare loop or event."
People + Places,Snoring,snoring,loop,S38,Piggimon,CC-BY-NC 4.0,CC-BY-NC-4.0,https://freesound.org/people/Piggimon/sounds/366365/,Replace: credited source is noncommercial; CC0 alternative identified.
People + Places,Cough,cough,occasional,S39; S40; S41; S42,joedeshon; Ashe Kirk; Ashe Kirk; hadescolossus,CC-BY 4.0; CC0; CC0; CC0,CC-BY-4.0; CC0-1.0; CC0-1.0; CC0-1.0,https://freesound.org/people/joedeshon/sounds/266019/; https://freesound.org/people/OwlStorm/sounds/151217/; https://freesound.org/people/OwlStorm/sounds/151212/; https://freesound.org/people/hadescolossus/sounds/701162/,"Reusable candidate: acquire original, retain license/credits, and audition/prepare loop or event."
People + Places,Clock ticking,ticking-clock,loop,S43,straget,CC-BY 4.0,CC-BY-4.0,https://freesound.org/people/straget/sounds/405423/,"Reusable candidate: acquire original, retain license/credits, and audition/prepare loop or event."
People + Places,Keyboard,keyboard,loop,S44,SamsterBirdies,CC0,CC0-1.0,https://freesound.org/people/SamsterBirdies/sounds/489422/,"Reusable candidate: acquire original, retain license/credits, and audition/prepare loop or event."
People + Places,Printer,printer,occasional,S45; S46,dersuperanton; JasonElrod,CC-BY 4.0; CC-BY 3.0,CC-BY-4.0; CC-BY-3.0,https://freesound.org/people/dersuperanton/sounds/166690/; https://freesound.org/people/JasonElrod/sounds/85463/,"Reusable candidate: acquire original, retain license/credits, and audition/prepare loop or event."
People + Places,Fan,fan,loop,S47,InspectorJ,CC-BY 4.0,CC-BY-4.0,https://freesound.org/people/InspectorJ/sounds/403664/,"Reusable candidate: acquire original, retain license/credits, and audition/prepare loop or event."
People + Places,Vacuum cleaner,vacuum-cleaner,loop,S48,Clearwavsound,CC-BY 4.0,CC-BY-3.0,https://freesound.org/people/Clearwavsound/sounds/523445/,"Reusable candidate: acquire original, retain license/credits, and audition/prepare loop or event."
Sci-Fi + Fantasy,Futuristic lab,futuristic-lab,loop,S49,"Iwan Gabovitch (with sounds by wolick, swiftoid, Diboz under CC0)",CC-BY 4.0,CC-BY-4.0,https://freesound.org/people/qubodup/sounds/212025/,Hold: source description and license badge disagree on CC BY version.
Sci-Fi + Fantasy,Cave,cave,loop,S50,LittleRobotSoundFactory,CC-BY 4.0,CC-BY-4.0,https://freesound.org/people/LittleRobotSoundFactory/sounds/270387/,"Reusable candidate: acquire original, retain license/credits, and audition/prepare loop or event."
Sci-Fi + Fantasy,Swirling vortex,swirling-vortex,loop,S51,LittleRobotSoundFactory,CC-BY 4.0,CC-BY-4.0,https://freesound.org/people/LittleRobotSoundFactory/sounds/270526/,"Reusable candidate: acquire original, retain license/credits, and audition/prepare loop or event."
Live Police Radio,Baltimore,baltimore,live,,,,,,Defer: network source; do not bundle a stream or assume redistribution rights.
Live Police Radio,Miami,miami,live,,,,,,Defer: network source; do not bundle a stream or assume redistribution rights.
Signals,Old American radio,old-american-radio,radio,,,,,,Defer: network source; do not bundle a stream or assume redistribution rights.
Signals,Detuned radio,detuned-radio,loop,S52,CGEffex,CC-BY 4.0,CC-BY-4.0,https://freesound.org/people/CGEffex/sounds/98338/,"Reusable candidate: acquire original, retain license/credits, and audition/prepare loop or event."
Signals,Air traffic control,air-traffic-control,occasional,,,,,,Defer: no reusable source license established; use an original recording if needed.
Signals,Police scanner,police-radio,occasional,S53; S54; S55; S56; S57,G_M_D_THREE; G_M_D_THREE; G_M_D_THREE; G_M_D_THREE; -Andreas,CC0; CC0; CC0; CC0; CC0,CC0-1.0; CC0-1.0; CC0-1.0; CC0-1.0; CC0-1.0,https://freesound.org/people/G_M_D_THREE/sounds/454652/; https://freesound.org/people/G_M_D_THREE/sounds/454657/; https://freesound.org/people/G_M_D_THREE/sounds/454658/; https://freesound.org/people/G_M_D_THREE/sounds/454653/; https://freesound.org/people/-Andreas/sounds/648463/,Optional: review captured music/broadcast rights before distribution.
Signals,Numbers station,numbers-station,loop,S58,kwahmah_02,CC-BY 3.0,CC-BY-3.0,https://freesound.org/people/kwahmah_02/sounds/254234/,Optional: review captured music/broadcast rights before distribution.
Signals,Shipping forecast,shipping-forecast,loop,,,,,,Defer: no reusable source license established; use an original recording if needed.
Signals,Morse code,morse-code,loop,,,,,,Generate independently; do not copy the Ambiphone recording.
Signals,Sonar,sonar,loop,S59,SamsterBirdies,CC0,CC0-1.0,https://freesound.org/people/SamsterBirdies/sounds/539957/,"Reusable candidate: acquire original, retain license/credits, and audition/prepare loop or event."
Binaural Beats,Delta,binaural-delta,loop,,,,,,Generate independently; do not copy the Ambiphone recording.
Binaural Beats,Theta,binaural-theta,loop,,,,,,Generate independently; do not copy the Ambiphone recording.
Binaural Beats,Alpha,binaural-alpha,loop,,,,,,Generate independently; do not copy the Ambiphone recording.
Binaural Beats,Beta,binaural-beta,loop,,,,,,Generate independently; do not copy the Ambiphone recording.
Binaural Beats,Gamma,binaural-gamma,loop,,,,,,Generate independently; do not copy the Ambiphone recording.
Noise,Brown noise,brown-noise,loop,,,,,,Generate independently; do not copy the Ambiphone recording.
Noise,White noise,white-noise,loop,,,,,,Generate independently; do not copy the Ambiphone recording.
Noise,Bass rumble,bass-rumble,loop,,,,,,Generate independently; do not copy the Ambiphone recording.
Noise,Vinyl crackle,vinyl,loop,S60,mitchanary,CC0,CC0-1.0,https://freesound.org/people/mitchanary/sounds/505173/,"Reusable candidate: acquire original, retain license/credits, and audition/prepare loop or event."
